tweetid,text
1,Hello World #AI #tech
2,Data science is amazing! #technology #ML
3,Exploring AI in everyday life #innovation #AI
4,The future of business is digital #cloud #growth
5,Learning Python for data science #AI #cloud #python
6,AI is transforming industries #machinelearning #business
7,Big data is changing everything #analytics #cloud
8,Technology is evolving fast #future #innovation
9,Programming is the key to the future #tech #AI
10,Exploring machine learning algorithms #data #AI #programming
11,Data is the new oil #cloud #analytics #business
12,AI will revolutionize the world #machinelearning #future
13,Automation is taking over #robotics #AI #innovation
14,Python is great for data analysis #programming #AI
15,The cloud is the future of computing #cloud #technology
16,Data-driven decisions make a big impact #business #data
17,Future-proof your career with tech skills #innovation #tech
18,Tech is transforming education #technology #AI
19,Machine learning is a game changer #data #tech #AI
20,Automation leads to more efficient work #technology #AI
21,AI is helping to solve big problems #machinelearning #future
22,Data science is crucial for modern businesses #cloud #AI
23,AI in healthcare is the future #healthtech #AI
24,The power of AI in decision making #business #AI #data
25,Technology is shaping the future of jobs #tech #AI
26,Data-driven strategies are a game changer #growth #cloud
27,Machine learning can predict the future #data #ML
28,The cloud makes data accessible anywhere #cloud #business
29,Building smarter businesses with AI #innovation #business #AI
30,AI and big data are transforming industries #future #cloud
31,Exploring the power of automation in business #AI #automation
32,Cloud computing is essential for businesses #cloud #tech
33,AI is reshaping the future of work #machinelearning #innovation
34,Python makes data science easy #programming #AI #data
35,The future is AI-powered #AI #technology #machinelearning
36,Smart businesses use data to their advantage #business #data
37,AI and data are changing the healthcare industry #healthcare #AI
38,Cloud technology makes everything possible #cloud #AI #business
39,Tech is making the world smaller #technology #innovation
40,Machine learning is revolutionizing industries #AI #machinelearning
41,AI will help drive innovation in all sectors #business #AI
42,Data analysis is essential for growth #growth #analytics
43,AI is improving customer experiences #customerexperience #AI
44,Data science is essential for solving modern problems #ML #AI
45,Python is the go-to language for data science #programming #AI #python
46,Exploring the endless possibilities of AI #future #AI #machinelearning
47,Automation is changing the workplace #automation #AI #tech
48,AI and cloud computing are the future #cloud #AI #future
49,The future is digital with AI and cloud #cloud #AI #technology
50,Technology helps us work smarter #tech #innovation #AI
